{
  "label": "entropy_coef_0.01",
  "env_name": "LunarLander-v3",
  "overrides": {
    "max_episodes": 6,
    "min_episodes": 6,
    "rollout_steps": 64,
    "entropy_coef": 0.01
  },
  "runs": [
    {
      "metadata": {
        "environment": "LunarLander-v3",
        "total_episodes": 6,
        "best_average_reward": -Infinity,
        "final_100_avg": -222.1692163215013,
        "training_time_seconds": 0.6501388549804688,
        "action_type": "Discrete",
        "state_dim": 8,
        "action_dim": 4,
        "checkpoint": "results\\ablation_smoke\\entropy_coef_0_01\\best_entropy_coef_0_01_seed0.pth",
        "seed": 0,
        "run_name": "entropy_coef_0_01_seed0"
      },
      "rewards": [
        -120.45874326192362,
        -3.725040054041415,
        -121.57899460505303,
        -370.11677159182847,
        -352.3882136883317,
        -364.7475347278295
      ],
      "moving_avg_100": [
        -120.45874326192362,
        -62.091891657982515,
        -81.92092597367268,
        -153.96988737821164,
        -193.65355264023566,
        -222.1692163215013
      ],
      "metrics": {
        "episode": [
          1,
          2,
          2,
          3,
          4,
          4,
          5,
          5,
          6,
          6,
          6
        ],
        "update": [
          1,
          2,
          3,
          4,
          5,
          6,
          7,
          8,
          9,
          10,
          11
        ],
        "value_loss": [
          24.085854530334473,
          1163.2378234863281,
          311.01558685302734,
          1841.0978698730469,
          957.1184234619141,
          1266.3419799804688,
          3368.7621459960938,
          469.6503143310547,
          4167.378173828125,
          804.6789855957031,
          9405.529296875
        ],
        "explained_variance": [
          0.014864563941955566,
          -0.020250320434570312,
          0.031408607959747314,
          0.004339814186096191,
          -0.018599629402160645,
          0.005031168460845947,
          -0.018285751342773438,
          0.018329501152038574,
          -0.021352052688598633,
          0.008325397968292236,
          -0.044203758239746094
        ],
        "approx_kl": [
          6.146798841655254e-05,
          8.675968274474144e-06,
          3.356020897626877e-06,
          9.499490261077881e-07,
          2.1141022443771362e-07,
          4.7264620661735535e-08,
          1.6065314412117004e-08,
          9.313225746154785e-10,
          0.0,
          7.916241884231567e-09,
          9.934107758624577e-09
        ],
        "policy_loss": [
          -0.0013699226547032595,
          -3.3847056329250336e-05,
          0.00015889410860836506,
          -0.00010263500735163689,
          -4.543410614132881e-05,
          2.393755130469799e-05,
          -3.1320378184318542e-06,
          -1.63237564265728e-05,
          -1.1400319635868073e-05,
          -3.0101975426077843e-05,
          -5.88706238602299e-06
        ],
        "entropy": [
          1.3862496614456177,
          1.3860344588756561,
          1.3858286440372467,
          1.3858592212200165,
          1.385720670223236,
          1.3855255842208862,
          1.385905772447586,
          1.3855038583278656,
          1.3859681189060211,
          1.3852953016757965,
          1.3856016397476196
        ],
        "clip_fraction": [
          0.0,
          0.0,
          0.0,
          0.0,
          0.0,
          0.0,
          0.0,
          0.0,
          0.0,
          0.0,
          0.0
        ]
      },
      "config": {
        "max_episodes": 6,
        "rollout_steps": 64,
        "lr": 0.0001,
        "K_epochs": 4,
        "batch_size": 256,
        "gamma": 0.99,
        "gae_lambda": 0.95,
        "eps_clip": 0.2,
        "value_coef": 0.5,
        "entropy_coef": 0.01,
        "target_reward": 220.0,
        "patience": 500,
        "min_episodes": 6,
        "target_kl": 0.01,
        "eval_deterministic": false,
        "normalize_observations": true,
        "degradation_stop_reward": 40.0,
        "degradation_margin": 70.0,
        "degradation_patience": 80
      }
    }
  ]
}