{
  "metadata": {
    "environment": "LunarLander-v3",
    "total_episodes": 6,
    "best_average_reward": -Infinity,
    "final_100_avg": -215.37404258574705,
    "training_time_seconds": 0.469219446182251,
    "action_type": "Discrete",
    "state_dim": 8,
    "action_dim": 4,
    "checkpoint": "results\\ablation_smoke\\baseline\\best_baseline_seed0.pth",
    "seed": 0,
    "run_name": "baseline_seed0"
  },
  "rewards": [
    -181.45417012702237,
    -214.53872714524044,
    -274.715067301061,
    -77.44507201837193,
    -350.1396439391908,
    -193.95157498359578
  ],
  "moving_avg_100": [
    -181.45417012702237,
    -197.9964486361314,
    -223.56932152444128,
    -187.03825914792392,
    -219.65853610617734,
    -215.37404258574705
  ],
  "metrics": {
    "episode": [
      1,
      2,
      2,
      3,
      3,
      4,
      5,
      5,
      5,
      6,
      6
    ],
    "update": [
      1,
      2,
      3,
      4,
      5,
      6,
      7,
      8,
      9,
      10,
      11
    ],
    "value_loss": [
      172.66102600097656,
      1055.1037292480469,
      175.07122421264648,
      1914.1079711914062,
      584.0518798828125,
      2047.119873046875,
      791.6677551269531,
      349.07691192626953,
      1637.0410766601562,
      465.8239517211914,
      2425.6475830078125
    ],
    "explained_variance": [
      -0.010505318641662598,
      0.016665756702423096,
      -0.015137195587158203,
      0.011759757995605469,
      0.009781301021575928,
      -0.00480496883392334,
      -0.0030618906021118164,
      0.012255966663360596,
      -0.03944826126098633,
      -0.012314558029174805,
      0.00932532548904419
    ],
    "approx_kl": [
      3.3038901165127754e-05,
      1.1793337762355804e-05,
      1.19826290756464e-05,
      4.420522600412369e-06,
      4.255911335349083e-06,
      1.269858330488205e-06,
      8.847564458847046e-08,
      3.164168447256088e-07,
      3.9534643292427063e-07,
      1.762527972459793e-07,
      1.9760235669963322e-08
    ],
    "policy_loss": [
      -0.0010431739501655102,
      -0.0005481140688061714,
      -0.00038773962296545506,
      -0.00016693572979420424,
      -0.0006027757190167904,
      7.304851897060871e-05,
      -2.728356048464775e-05,
      -0.00015767570585012436,
      -0.00019364082254469395,
      -0.010438060853630304,
      2.220645529116272e-05
    ],
    "entropy": [
      1.386257290840149,
      1.3860622942447662,
      1.3858542740345001,
      1.385566383600235,
      1.385586529970169,
      1.385513812303543,
      1.3853965103626251,
      1.3851372599601746,
      1.385714441537857,
      1.3849572241306305,
      1.3845019340515137
    ],
    "clip_fraction": [
      0.0,
      0.0,
      0.0,
      0.0,
      0.0,
      0.0,
      0.0,
      0.0,
      0.0,
      0.0,
      0.0
    ]
  },
  "config": {
    "max_episodes": 6,
    "rollout_steps": 64,
    "lr": 0.0001,
    "K_epochs": 4,
    "batch_size": 256,
    "gamma": 0.99,
    "gae_lambda": 0.95,
    "eps_clip": 0.2,
    "value_coef": 0.5,
    "entropy_coef": 0.003,
    "target_reward": 220.0,
    "patience": 500,
    "min_episodes": 6,
    "target_kl": 0.01,
    "eval_deterministic": false,
    "normalize_observations": true,
    "degradation_stop_reward": 40.0,
    "degradation_margin": 70.0,
    "degradation_patience": 80
  }
}