{
  "baseline": {
    "best_avg100_mean": 221.04848070044886,
    "best_avg100_std": 0.97551276850057,
    "final_avg100_mean": 221.04848070044886,
    "final_avg100_std": 0.97551276850057,
    "num_seeds": 3
  },
  "gae_lambda_0.95": {
    "best_avg100_mean": 215.56909387682472,
    "best_avg100_std": 7.321589952535947,
    "final_avg100_mean": 199.5858628706463,
    "final_avg100_std": 29.923824779085663,
    "num_seeds": 3
  },
  "gae_lambda_1.00": {
    "best_avg100_mean": 220.67466382510102,
    "best_avg100_std": 0.06843380998869197,
    "final_avg100_mean": 220.67466382510102,
    "final_avg100_std": 0.06843380998869197,
    "num_seeds": 3
  },
  "entropy_coef_0.00": {
    "best_avg100_mean": 195.3036087074232,
    "best_avg100_std": 29.014860532750372,
    "final_avg100_mean": 187.7605976100539,
    "final_avg100_std": 32.64030540227462,
    "num_seeds": 3
  },
  "entropy_coef_0.01": {
    "best_avg100_mean": 218.2502376309799,
    "best_avg100_std": 3.028983164452817,
    "final_avg100_mean": 215.82515910974578,
    "final_avg100_std": 6.455351322418995,
    "num_seeds": 3
  },
  "entropy_coef_0.05": {
    "best_avg100_mean": 217.76936913756035,
    "best_avg100_std": 3.3190119436110024,
    "final_avg100_mean": 216.33595588153875,
    "final_avg100_std": 5.346136288844359,
    "num_seeds": 3
  }
}