{
  "baseline": {
    "best_avg100_mean": -84.50333333333333,
    "best_avg100_std": 0.047842333648022484,
    "final_avg100_mean": -84.50333333333333,
    "final_avg100_std": 0.047842333648022484,
    "num_seeds": 3
  },
  "gae_lambda_0.90": {
    "best_avg100_mean": -84.89,
    "best_avg100_std": 0.4123913998456666,
    "final_avg100_mean": -85.88666666666666,
    "final_avg100_std": 1.7757877751077735,
    "num_seeds": 3
  },
  "gae_lambda_0.95": {
    "best_avg100_mean": -84.88666666666667,
    "best_avg100_std": 0.03399346342395164,
    "final_avg100_mean": -84.88666666666667,
    "final_avg100_std": 0.03399346342395164,
    "num_seeds": 3
  },
  "gae_lambda_1.00": {
    "best_avg100_mean": -87.06333333333333,
    "best_avg100_std": 1.6712736327590314,
    "final_avg100_mean": -92.48,
    "final_avg100_std": 6.183596580200451,
    "num_seeds": 3
  },
  "entropy_coef_0.00": {
    "best_avg100_mean": -84.77333333333334,
    "best_avg100_std": 0.3091206165165233,
    "final_avg100_mean": -86.13,
    "final_avg100_std": 2.12136748348795,
    "num_seeds": 3
  },
  "entropy_coef_0.01": {
    "best_avg100_mean": -84.61666666666667,
    "best_avg100_std": 0.5138309276622262,
    "final_avg100_mean": -84.61666666666667,
    "final_avg100_std": 0.5138309276622262,
    "num_seeds": 3
  },
  "entropy_coef_0.05": {
    "best_avg100_mean": -84.84666666666668,
    "best_avg100_std": 0.12256517540566704,
    "final_avg100_mean": -84.84666666666668,
    "final_avg100_std": 0.12256517540566704,
    "num_seeds": 3
  }
}