{
  "metadata": {
    "environment": "LunarLander-v3",
    "total_episodes": 6,
    "best_average_reward": -Infinity,
    "final_100_avg": -179.82684662420215,
    "training_time_seconds": 0.724884033203125,
    "action_type": "Discrete",
    "state_dim": 8,
    "action_dim": 4,
    "checkpoint": "results\\ablation_smoke\\entropy_coef_0_00\\best_entropy_coef_0_00_seed0.pth",
    "seed": 0,
    "run_name": "entropy_coef_0_00_seed0"
  },
  "rewards": [
    -116.76939619328198,
    -59.435724056997,
    -84.97716554738554,
    -457.98755879878127,
    -44.68297369288946,
    -315.10826145587765
  ],
  "moving_avg_100": [
    -116.76939619328198,
    -88.10256012513949,
    -87.06076193255484,
    -179.79246114911143,
    -152.77056365786706,
    -179.82684662420215
  ],
  "metrics": {
    "episode": [
      1,
      1,
      2,
      2,
      3,
      4,
      4,
      5,
      5,
      5,
      6,
      6
    ],
    "update": [
      1,
      2,
      3,
      4,
      5,
      6,
      7,
      8,
      9,
      10,
      11,
      12
    ],
    "value_loss": [
      22.064468383789062,
      44.55740165710449,
      770.0192413330078,
      107.2691421508789,
      401.4679183959961,
      808.0233154296875,
      2368.7838745117188,
      4662.2994384765625,
      86.8020191192627,
      711.5926971435547,
      941.9734802246094,
      5671.3397216796875
    ],
    "explained_variance": [
      -0.010049223899841309,
      0.03546220064163208,
      -0.010606527328491211,
      -0.022078990936279297,
      -0.0005702972412109375,
      -0.005063176155090332,
      0.0023956894874572754,
      0.005795776844024658,
      0.0023616552352905273,
      -0.006127715110778809,
      -0.00013196468353271484,
      -0.0048362016677856445
    ],
    "approx_kl": [
      6.420724093914032e-05,
      3.9303675293922424e-05,
      1.4159362763166428e-05,
      7.971655577421188e-06,
      4.377681761980057e-06,
      1.0302755981683731e-06,
      6.379559636116028e-07,
      4.7497451305389404e-08,
      1.3760291039943695e-07,
      3.136228770017624e-07,
      1.4901161193847656e-08,
      3.88494569847353e-08
    ],
    "policy_loss": [
      -0.002356786048039794,
      -0.001486416906118393,
      -0.0005795885808765888,
      -0.0005480609834194183,
      -0.00045954901725053787,
      -3.3797696232795715e-06,
      9.462644811719656e-05,
      -4.667765460908413e-05,
      -0.00010744389146566391,
      -0.0001808195374906063,
      5.093403160572052e-06,
      -6.701025540678529e-05
    ],
    "entropy": [
      1.3862251937389374,
      1.3859375715255737,
      1.385489046573639,
      1.3852855861186981,
      1.3847675621509552,
      1.3849819898605347,
      1.3848494589328766,
      1.3851541578769684,
      1.3837651312351227,
      1.3846250176429749,
      1.3847682178020477,
      1.3850353062152863
    ],
    "clip_fraction": [
      0.0,
      0.0,
      0.0,
      0.0,
      0.0,
      0.0,
      0.0,
      0.0,
      0.0,
      0.0,
      0.0,
      0.0
    ]
  },
  "config": {
    "max_episodes": 6,
    "rollout_steps": 64,
    "lr": 0.0001,
    "K_epochs": 4,
    "batch_size": 256,
    "gamma": 0.99,
    "gae_lambda": 0.95,
    "eps_clip": 0.2,
    "value_coef": 0.5,
    "entropy_coef": 0.0,
    "target_reward": 220.0,
    "patience": 500,
    "min_episodes": 6,
    "target_kl": 0.01,
    "eval_deterministic": false,
    "normalize_observations": true,
    "degradation_stop_reward": 40.0,
    "degradation_margin": 70.0,
    "degradation_patience": 80
  }
}