{
  "label": "gae_lambda_0.95",
  "env_name": "LunarLander-v3",
  "overrides": {
    "max_episodes": 6,
    "min_episodes": 6,
    "rollout_steps": 64,
    "gae_lambda": 0.95
  },
  "runs": [
    {
      "metadata": {
        "environment": "LunarLander-v3",
        "total_episodes": 6,
        "best_average_reward": -Infinity,
        "final_100_avg": -119.49778161554366,
        "training_time_seconds": 0.6393039226531982,
        "action_type": "Discrete",
        "state_dim": 8,
        "action_dim": 4,
        "checkpoint": "results\\ablation_smoke\\gae_lambda_0_95\\best_gae_lambda_0_95_seed0.pth",
        "seed": 0,
        "run_name": "gae_lambda_0_95_seed0"
      },
      "rewards": [
        -172.34989516358502,
        -57.58358314995222,
        -94.11901550226575,
        -55.67975191879698,
        -98.97190654426433,
        -238.28253741439764
      ],
      "moving_avg_100": [
        -172.34989516358502,
        -114.96673915676863,
        -108.01749793860101,
        -94.93306143365,
        -95.74083045577285,
        -119.49778161554366
      ],
      "metrics": {
        "episode": [
          1,
          1,
          2,
          3,
          3,
          4,
          4,
          5,
          6,
          6,
          6
        ],
        "update": [
          1,
          2,
          3,
          4,
          5,
          6,
          7,
          8,
          9,
          10,
          11
        ],
        "value_loss": [
          239.02095413208008,
          33.46512031555176,
          980.9642181396484,
          622.8584747314453,
          97.46549606323242,
          729.9311981201172,
          64.7385025024414,
          715.9322967529297,
          1082.4905395507812,
          522.4581451416016,
          5261.9395751953125
        ],
        "explained_variance": [
          -0.0007518529891967773,
          -0.026314258575439453,
          0.018068671226501465,
          0.002213716506958008,
          -0.02175426483154297,
          0.010035872459411621,
          -0.0007176399230957031,
          0.002904832363128662,
          0.005274713039398193,
          -0.025606513023376465,
          0.006464123725891113
        ],
        "approx_kl": [
          7.941992953419685e-05,
          4.3554697185754776e-05,
          9.71485860645771e-06,
          2.7918722480535507e-06,
          7.313210517168045e-07,
          2.6961788535118103e-07,
          8.605420589447021e-07,
          3.2223761081695557e-07,
          7.706694304943085e-08,
          2.421438694000244e-08,
          1.4024622352337701e-08
        ],
        "policy_loss": [
          -0.004846111871302128,
          -0.001109190285205841,
          -0.00038059637881815434,
          -0.00032944511622190475,
          0.00012996606528759003,
          -9.231781587004662e-05,
          -0.00029863324016332626,
          -7.188459858298302e-05,
          -1.8298625946044922e-05,
          -2.3338012397289276e-05,
          3.905857289510095e-05
        ],
        "entropy": [
          1.3862148225307465,
          1.3859101235866547,
          1.3856783509254456,
          1.3857501149177551,
          1.3851659297943115,
          1.3852744400501251,
          1.385423183441162,
          1.385215401649475,
          1.3852621018886566,
          1.3839962482452393,
          1.3836308121681213
        ],
        "clip_fraction": [
          0.0,
          0.0,
          0.0,
          0.0,
          0.0,
          0.0,
          0.0,
          0.0,
          0.0,
          0.0,
          0.0
        ]
      },
      "config": {
        "max_episodes": 6,
        "rollout_steps": 64,
        "lr": 0.0001,
        "K_epochs": 4,
        "batch_size": 256,
        "gamma": 0.99,
        "gae_lambda": 0.95,
        "eps_clip": 0.2,
        "value_coef": 0.5,
        "entropy_coef": 0.003,
        "target_reward": 220.0,
        "patience": 500,
        "min_episodes": 6,
        "target_kl": 0.01,
        "eval_deterministic": false,
        "normalize_observations": true,
        "degradation_stop_reward": 40.0,
        "degradation_margin": 70.0,
        "degradation_patience": 80
      }
    }
  ]
}