{
  "metadata": {
    "environment": "LunarLander-v3",
    "total_episodes": 6,
    "best_average_reward": -Infinity,
    "final_100_avg": -245.74596811865308,
    "training_time_seconds": 0.6615619659423828,
    "action_type": "Discrete",
    "state_dim": 8,
    "action_dim": 4,
    "checkpoint": "results\\ablation_smoke\\entropy_coef_0_05\\best_entropy_coef_0_05_seed0.pth",
    "seed": 0,
    "run_name": "entropy_coef_0_05_seed0"
  },
  "rewards": [
    -31.420245588183832,
    -145.8290030476123,
    -373.9276514134317,
    -341.98174813303314,
    -383.2920742595548,
    -198.0250862701028
  ],
  "moving_avg_100": [
    -31.420245588183832,
    -88.62462431789807,
    -183.7256333497426,
    -223.28966204556525,
    -255.29014448836315,
    -245.74596811865308
  ],
  "metrics": {
    "episode": [
      1,
      1,
      2,
      3,
      3,
      4,
      4,
      5,
      5,
      6,
      6
    ],
    "update": [
      1,
      2,
      3,
      4,
      5,
      6,
      7,
      8,
      9,
      10,
      11
    ],
    "value_loss": [
      435.51377868652344,
      2174.7201538085938,
      1149.3329467773438,
      1132.5889587402344,
      300.994140625,
      7707.0076904296875,
      427.8091278076172,
      6163.02197265625,
      2297.3709106445312,
      2006.8698120117188,
      2112.070068359375
    ],
    "explained_variance": [
      -0.014969825744628906,
      -0.008591175079345703,
      0.00651925802230835,
      0.010602355003356934,
      -0.00660860538482666,
      -0.0012530088424682617,
      -0.010047078132629395,
      -0.0007077455520629883,
      -0.004442811012268066,
      -0.0006368160247802734,
      0.004806041717529297
    ],
    "approx_kl": [
      5.0609465688467026e-05,
      1.0971445590257645e-05,
      2.3029278963804245e-06,
      2.4756882339715958e-06,
      3.7814024835824966e-06,
      2.0549632608890533e-06,
      1.9867438822984695e-06,
      3.3294782042503357e-07,
      2.53552570939064e-07,
      2.7008354663848877e-08,
      6.072926161948544e-08
    ],
    "policy_loss": [
      -0.0016248510219156742,
      0.00030778651125729084,
      -0.00046556442975997925,
      -8.398923091590405e-05,
      -0.000546557828783989,
      -0.0002609060611575842,
      -0.00040282774716615677,
      -5.580764263868332e-05,
      4.821363836526871e-05,
      -3.08845192193985e-05,
      -5.906510861408698e-05
    ],
    "entropy": [
      1.3862349390983582,
      1.3860653042793274,
      1.3859184384346008,
      1.385954737663269,
      1.3858222663402557,
      1.385911226272583,
      1.3858660161495209,
      1.385810673236847,
      1.385884940624237,
      1.3855481147766113,
      1.3855664134025574
    ],
    "clip_fraction": [
      0.0,
      0.0,
      0.0,
      0.0,
      0.0,
      0.0,
      0.0,
      0.0,
      0.0,
      0.0,
      0.0
    ]
  },
  "config": {
    "max_episodes": 6,
    "rollout_steps": 64,
    "lr": 0.0001,
    "K_epochs": 4,
    "batch_size": 256,
    "gamma": 0.99,
    "gae_lambda": 0.95,
    "eps_clip": 0.2,
    "value_coef": 0.5,
    "entropy_coef": 0.05,
    "target_reward": 220.0,
    "patience": 500,
    "min_episodes": 6,
    "target_kl": 0.01,
    "eval_deterministic": false,
    "normalize_observations": true,
    "degradation_stop_reward": 40.0,
    "degradation_margin": 70.0,
    "degradation_patience": 80
  }
}