{
  "metadata": {
    "environment": "LunarLander-v3",
    "total_episodes": 6,
    "best_average_reward": -Infinity,
    "final_100_avg": -177.2877096613095,
    "training_time_seconds": 0.6595404148101807,
    "action_type": "Discrete",
    "state_dim": 8,
    "action_dim": 4,
    "checkpoint": "results\\ablation_smoke\\gae_lambda_0_98\\best_gae_lambda_0_98_seed0.pth",
    "seed": 0,
    "run_name": "gae_lambda_0_98_seed0"
  },
  "rewards": [
    -294.47005876214916,
    -260.6215117683461,
    -34.002684387778444,
    -99.03428477181758,
    -11.5722730255425,
    -364.02544525222305
  ],
  "moving_avg_100": [
    -294.47005876214916,
    -277.5457852652477,
    -196.3647516394246,
    -172.03213492252286,
    -139.94016254312677,
    -177.2877096613095
  ],
  "metrics": {
    "episode": [
      1,
      2,
      2,
      3,
      3,
      4,
      5,
      5,
      5,
      6,
      6
    ],
    "update": [
      1,
      2,
      3,
      4,
      5,
      6,
      7,
      8,
      9,
      10,
      11
    ],
    "value_loss": [
      926.9320678710938,
      10622.73779296875,
      1789.5645446777344,
      1864.1485595703125,
      3703.2095947265625,
      897.7833404541016,
      1866.4389343261719,
      54.03824329376221,
      1034.9132690429688,
      2263.4327392578125,
      10903.948486328125
    ],
    "explained_variance": [
      0.009411215782165527,
      -0.010126352310180664,
      -0.01464986801147461,
      0.006271481513977051,
      -0.010973215103149414,
      -0.015589356422424316,
      -0.014388442039489746,
      -0.0009864568710327148,
      -0.0031882524490356445,
      0.00673985481262207,
      -0.0020486116409301758
    ],
    "approx_kl": [
      3.603077493607998e-05,
      7.872702553868294e-06,
      9.286217391490936e-06,
      3.8780272006988525e-06,
      3.6712735891342163e-06,
      6.256159394979477e-07,
      6.868503987789154e-08,
      9.227078408002853e-07,
      9.315554052591324e-07,
      1.4854595065116882e-07,
      6.689670195569875e-08
    ],
    "policy_loss": [
      -0.0010961552616208792,
      -0.0003840443678200245,
      -0.0009443373419344425,
      -0.0005102499853819609,
      -0.0006430086214095354,
      -0.0003657825291156769,
      -2.318713814020157e-05,
      -0.00029658619314432144,
      -2.8418144211173058e-06,
      -5.975132808089256e-05,
      8.495691109544623e-05
    ],
    "entropy": [
      1.3862669467926025,
      1.3861518800258636,
      1.3860982954502106,
      1.3859127759933472,
      1.3860682249069214,
      1.385723054409027,
      1.3857562243938446,
      1.3855063617229462,
      1.3857119381427765,
      1.3857277035713196,
      1.3853602707386017
    ],
    "clip_fraction": [
      0.0,
      0.0,
      0.0,
      0.0,
      0.0,
      0.0,
      0.0,
      0.0,
      0.0,
      0.0,
      0.0
    ]
  },
  "config": {
    "max_episodes": 6,
    "rollout_steps": 64,
    "lr": 0.0001,
    "K_epochs": 4,
    "batch_size": 256,
    "gamma": 0.99,
    "gae_lambda": 0.98,
    "eps_clip": 0.2,
    "value_coef": 0.5,
    "entropy_coef": 0.003,
    "target_reward": 220.0,
    "patience": 500,
    "min_episodes": 6,
    "target_kl": 0.01,
    "eval_deterministic": false,
    "normalize_observations": true,
    "degradation_stop_reward": 40.0,
    "degradation_margin": 70.0,
    "degradation_patience": 80
  }
}