{
  "metadata": {
    "environment": "LunarLander-v3",
    "total_episodes": 6,
    "best_average_reward": -Infinity,
    "final_100_avg": -188.62453903382936,
    "training_time_seconds": 0.7281005382537842,
    "action_type": "Discrete",
    "state_dim": 8,
    "action_dim": 4,
    "checkpoint": "results\\ablation_smoke\\gae_lambda_1_00\\best_gae_lambda_1_00_seed0.pth",
    "seed": 0,
    "run_name": "gae_lambda_1_00_seed0"
  },
  "rewards": [
    -278.27896520892347,
    -225.42670237016077,
    -116.51972462695622,
    -203.50408483960592,
    -174.99901336786107,
    -133.01874378946889
  ],
  "moving_avg_100": [
    -278.27896520892347,
    -251.8528337895421,
    -206.74179740201347,
    -205.93236926141157,
    -199.74569808270147,
    -188.62453903382936
  ],
  "metrics": {
    "episode": [
      1,
      2,
      2,
      2,
      3,
      4,
      4,
      5,
      5,
      6,
      6,
      6
    ],
    "update": [
      1,
      2,
      3,
      4,
      5,
      6,
      7,
      8,
      9,
      10,
      11,
      12
    ],
    "value_loss": [
      968.1957855224609,
      14549.524169921875,
      1557.3560180664062,
      6614.5828857421875,
      390.4637222290039,
      2649.9839477539062,
      808.7565307617188,
      8164.4443359375,
      1079.8943786621094,
      5792.76416015625,
      151.48276901245117,
      6339.1556396484375
    ],
    "explained_variance": [
      0.010144412517547607,
      -0.0012731552124023438,
      -0.000202178955078125,
      -0.02492499351501465,
      0.012032091617584229,
      -0.025894522666931152,
      0.010088682174682617,
      -0.007863044738769531,
      0.008676230907440186,
      -0.018429875373840332,
      0.014403820037841797,
      -0.01625239849090576
    ],
    "approx_kl": [
      4.5472756028175354e-05,
      1.0031741112470627e-05,
      1.4544930309057236e-06,
      1.7113052308559418e-06,
      3.5925768315792084e-06,
      1.2745149433612823e-06,
      1.1480879038572311e-06,
      5.9138983488082886e-08,
      1.6973353922367096e-07,
      3.841705620288849e-08,
      4.062894731760025e-07,
      3.6124027502637546e-07
    ],
    "policy_loss": [
      -0.0018045303877443075,
      -0.00036925356835126877,
      1.6064848750829697e-05,
      -0.0005257879383862019,
      -0.0006342371925711632,
      -0.00013278587721288204,
      2.5692395865917206e-05,
      -9.620562195777893e-06,
      -6.517395377159119e-05,
      -6.834417581558228e-05,
      -0.00012105610221624374,
      2.276174920723406e-05
    ],
    "entropy": [
      1.3862277567386627,
      1.3860979676246643,
      1.3859117031097412,
      1.3859937489032745,
      1.3858080506324768,
      1.3857754170894623,
      1.3854095041751862,
      1.3855767250061035,
      1.3852562606334686,
      1.3856954872608185,
      1.3851958215236664,
      1.3854261338710785
    ],
    "clip_fraction": [
      0.0,
      0.0,
      0.0,
      0.0,
      0.0,
      0.0,
      0.0,
      0.0,
      0.0,
      0.0,
      0.0,
      0.0
    ]
  },
  "config": {
    "max_episodes": 6,
    "rollout_steps": 64,
    "lr": 0.0001,
    "K_epochs": 4,
    "batch_size": 256,
    "gamma": 0.99,
    "gae_lambda": 1.0,
    "eps_clip": 0.2,
    "value_coef": 0.5,
    "entropy_coef": 0.003,
    "target_reward": 220.0,
    "patience": 500,
    "min_episodes": 6,
    "target_kl": 0.01,
    "eval_deterministic": false,
    "normalize_observations": true,
    "degradation_stop_reward": 40.0,
    "degradation_margin": 70.0,
    "degradation_patience": 80
  }
}